Noise Level,Macro F1,Mean F1,Std F1
±5%,0.728632834,0.727906352,0.001258304
±10%,0.726453388,0.727906352,0.001258304
±15%,0.728632834,0.727906352,0.001258304
